feature,count,mean_abs_delta
time_l2,64,488.57743072509766
time_maxabs,64,348.7932243347168
time_deviation,64,115.62340730428696
time_mean,64,115.6232852935791
balance_t_minus_f,64,115.62020744010806
time_std,63,180.8858623201885
balance_t_minus_s,63,117.41511960256668
total_deviation_l1,60,102.94894256591797
total_deviation_l2,60,102.94411265055338
time_force_relation,55,4.574485670436513
space_l2,8,1.82232666015625
time_space_relation,6,7.980764428774516
space_maxabs,5,1.462890625
